link,
https://totallygamergirl.com/2019/04/15/forza-street-fuer-pc-verfuegbar-android-und-ios-version-folgen/,
https://www.seattletimes.com/nation-world/nation/celeb-or-stranger-study-weighs-americans-interest-in-birds/?utm_source=RSS&utm_medium=Referral&utm_campaign=RSS_seattle-news,
https://www.seattletimes.com/life/wellness/qa-trendy-cbd-rocks-retail-world-but-does-it-work/?utm_source=RSS&utm_medium=Referral&utm_campaign=RSS_seattle-news,
https://www.seattletimes.com/seattle-news/northwest/judge-revokes-water-permit-for-mine-under-montana-wilderness/?utm_source=RSS&utm_medium=Referral&utm_campaign=RSS_seattle-news,
https://www.chaffeybreeze.com/2019/04/15/knick-exploration-knx-reaches-new-52-week-low-at-0-01.html,
https://www.hbvl.be/cnt/dmf20190415_04331342/hackers-misbruiken-ongevallen-om-facebookaccount-te-stelen,
https://www.chaffeybreeze.com/2019/04/15/prize-mining-prz-reaches-new-12-month-low-at-0-03.html,
https://www.chaffeybreeze.com/2019/04/15/analysts-expect-seachange-international-seac-will-post-earnings-of-0-02-per-share.html,
https://www.chaffeybreeze.com/2019/04/15/general-mills-inc-gis-holdings-cut-by-ropes-wealth-advisors-llc.html,
https://www.nnn.de/lokales/rostock/Roevershagen-Karls-bekommt-eigenen-Bahnstopp-id23422572.html,
https://www.chaffeybreeze.com/2019/04/15/elixir-elix-price-reaches-0-0013-on-major-exchanges.html,
https://www.ka-news.de/ksc/rund-ums-spiel/KSC-belohnt-sich-fuer-engagiertes-Spiel-nicht-und-muss-sich-mit-Remis-in-Wuerzburg-begnuegen;art516934,2366008
http://www.espn.com/mens-college-basketball/story/_/id/26530869/marquette-losing-hauser-brothers-transfer,
https://www.omroepwest.nl/nieuws/3823119/Spionagebrillen-en-opnameapparatuur-Hagenaar-ontkent-fraude-bij-CBR,
https://www.omroepwest.nl/nieuws/3822948/Eis-5-jaar-cel-en-tbs-voor-agressieve-Gouwenaar-verdacht-van-brandstichting,
https://dnews.dn.ua/news/712365,
https://www.chaffeybreeze.com/2019/04/15/sciencast-management-lp-purchases-10304-shares-of-united-rentals-inc-uri.html,
https://www.chaffeybreeze.com/2019/04/15/devon-energy-corp-dvn-shares-sold-by-salem-capital-management-inc.html,
https://www.chaffeybreeze.com/2019/04/15/coherent-inc-cohr-receives-average-rating-of-hold-from-analysts.html,
https://dnews.dn.ua/news/712363,
https://deadspin.com/i-hope-giannis-makes-these-cowards-weep-on-national-tel-1834048453,
https://www.chaffeybreeze.com/2019/04/15/ropes-wealth-advisors-llc-sells-190-shares-of-valero-energy-co-vlo.html,
http://bangka.tribunnews.com/2019/04/15/inilah-himbauan-mui-uskup-pendeta-dan-permabudhi-agar-warga-tidak-golput,
https://www.chaffeybreeze.com/2019/04/15/sciencast-management-lp-invests-1-77-million-in-autodesk-inc-adsk-stock.html,
http://sport24.lefigaro.fr/basket/nba/fil-info/limoge-par-les-lakers-luke-walton-rebondit-a-sacramento-953490,
https://www.chaffeybreeze.com/2019/04/15/ropes-wealth-advisors-llc-has-1-15-million-stake-in-vanguard-small-cap-etf-vb.html,
http://pontianak.tribunnews.com/2019/04/15/korban-kecelakaan-beruntun-di-wajok-hilir-dijamin-jasa-raharja,
http://pontianak.tribunnews.com/2019/04/15/pemilu-2019-xl-axiata-prediksi-trafik-layanan-data-naik-10-persen,
https://www.elsoldemexico.com.mx/metropoli/cdmx/este-es-el-nuevo-diseno-del-sistema-de-transporte-de-la-cdmx-3326560.html,
https://www.zvw.de/inhalt.stuttgart-kampf-fuer-saubere-luft-hightech-asphalt-am-neckartor.e7512bb6-fcab-46ce-96d4-54993e1b6f8f.html,
https://www.ndtv.com/india-news/supreme-court-to-hear-bjp-lawmaker-pabubha-maneks-plea-against-order-dismissing-his-election-2023567,
https://www.chaffeybreeze.com/2019/04/15/polybius-plbt-trading-up-1-2-over-last-week.html,
https://www.wolfsburger-nachrichten.de/sport/article216964917/Anfang-auf-Bank-Spieler-mit-Alles-Jode-Dieter-Shirts.html,
https://www.zvw.de/inhalt.winterbach-benefiz-weinprobe-der-giovanne-elber-stiftung.c7346e0b-af39-4f57-af1f-01196addc6a3.html,
https://www.chaffeybreeze.com/2019/04/15/sciencast-management-lp-raises-stake-in-oreilly-automotive-inc-orly.html,
https://www.chaffeybreeze.com/2019/04/15/ishares-0-5-year-high-yield-corporate-bond-etf-shyg-shares-bought-by-wp-advisors-llc.html,
https://www.ndtv.com/world-news/notre-dame-fire-notre-dame-cathedral-fire-live-updates-major-fire-in-notre-dame-cathedral-in-paris-2023573,
https://www.chaffeybreeze.com/2019/04/15/sciencast-management-lp-takes-2-44-million-position-in-bank-of-new-york-mellon-corp-bk.html,
https://www.zvw.de/inhalt.schwaikheim-gemeinde-verkauft-zwoelf-bauplaetze.d6760060-4180-49f0-beaa-3f8eb53ffbc1.html,
https://www.chaffeybreeze.com/2019/04/15/entergy-co-etr-given-consensus-rating-of-hold-by-brokerages.html,
https://www.chaffeybreeze.com/2019/04/15/dappster-price-down-3-3-over-last-week-dlisk-2.html,
https://www.ndtv.com/india-news/spicejet-to-begin-several-non-stop-international-flights-from-mumbai-2023568,
https://www.zvw.de/inhalt.vfb-fanclub-weiss-rote-schwoba-nach-90-minuten-kullern-die-traenen.64b023b7-5046-40b7-9665-1bc0dc98a5f1.html,
https://www.nieuwsblad.be/cnt/dmf20190415_04331328,
https://www.ndtv.com/india-news/we-had-technology-on-our-side-air-force-chief-on-balakot-strike-2023562,
https://www.zvw.de/inhalt.bjoern-steiger-stiftung-winnenden-kult-trainer-peter-neururer-ist-neuer-botschafter.f3eb6cff-0468-4a2d-a9c1-5d646d79112f.html,
https://www.chaffeybreeze.com/2019/04/15/ridgewood-investments-llc-increases-position-in-vanguard-short-term-bond-etf-bsv.html,
https://www.zvw.de/inhalt.streckensperrung-grunbach-waiblingen-verkehrschaos-im-berufsverkehr-am-montag-erwartet.124316a0-c8c2-41ca-bf4d-2abbbf2b5884.html,
https://www.chaffeybreeze.com/2019/04/15/ridgewood-investments-llc-buys-985-shares-of-glaxosmithkline-plc-gsk.html,
https://www.ndtv.com/india-news/fisherman-missing-7-rescued-as-boat-sinks-off-gujarat-coast-2023566,
https://www.chaffeybreeze.com/2019/04/15/goldman-sachs-group-inc-gs-stake-lifted-by-ridgewood-investments-llc.html,
https://www.zvw.de/inhalt.waehrend-der-gesamten-osterferien-waiblinger-strasse-in-kernen-rommelshausen-gesperrt.a9b4655a-748e-477f-b3dd-2d6e463339c2.html,
https://www.chaffeybreeze.com/2019/04/15/westbourne-investment-advisors-inc-has-1-07-million-position-in-vanguard-intermediate-term-corporate-bond-etf-vcit.html,
https://www.chaffeybreeze.com/2019/04/15/ridgewood-investments-llc-decreases-holdings-in-tractor-supply-tsco.html,
https://www.zvw.de/inhalt.europa-eu-staaten-stimmen-endgueltig-ueber-neues-urheberrecht-ab.8a97455e-4630-459b-8039-53ec3fb3dd07.html,
https://www.chaffeybreeze.com/2019/04/15/westbourne-investment-advisors-inc-sells-2025-shares-of-devon-energy-corp-dvn.html,
https://www.eonline.com/br/news/1032674/khloe-kardashian-e-tristan-thompson-se-reunem-no-1-aniversario-de-true,
https://www.chaffeybreeze.com/2019/04/15/phillips-66-partners-psxp-rating-lowered-to-hold-at-zacks-investment-research.html,
https://www.chaffeybreeze.com/2019/04/15/morgan-stanley-ms-shares-bought-by-westbourne-investment-advisors-inc.html,
https://www.chaffeybreeze.com/2019/04/15/viking-fund-management-llc-takes-position-in-olin-co-oln.html,
https://www.chaffeybreeze.com/2019/04/15/viking-fund-management-llc-purchases-new-position-in-national-oilwell-varco-inc-nov.html,
https://www.chaffeybreeze.com/2019/04/15/enbridge-inc-enb-shares-sold-by-viking-fund-management-llc.html,
https://www.delawareonline.com/story/sports/nfl/eagles/2019/04/15/carson-wentz-back-not-fully-healed-eagles-quarterback-talks-contract-extension-desean-jackson/3466979002/,
https://www.delawareonline.com/story/sports/2019/04/15/lineup-phillies-mets-nola-syndergaard-duel/3474266002/,
https://www.dalademokraten.se/artikel/politik/goran-greider-varenda-dag-rasar-samhallet-ihop-1,
https://www.delawareonline.com/story/news/local/2019/04/15/aclu-delawares-executive-director-announces-retirement/3473769002/,
https://www.chaffeybreeze.com/2019/04/15/qmx-gold-qmx-reaches-new-1-year-low-at-0-05.html,
https://www.chaffeybreeze.com/2019/04/15/retirement-systems-of-alabama-has-42-80-million-position-in-digital-rlty-tr-sh-dlr.html,
https://www.chaffeybreeze.com/2019/04/15/apergy-corp-apy-shares-sold-by-viking-fund-management-llc.html,
https://www.chaffeybreeze.com/2019/04/15/turtlecoin-price-reaches-0-0002-trtl.html,
https://www.chaffeybreeze.com/2019/04/15/intuit-inc-intu-shares-bought-by-ropes-wealth-advisors-llc.html,
https://www.chaffeybreeze.com/2019/04/15/ventripoint-diagnostics-vpt-reaches-new-52-week-low-at-0-13.html,
https://hoopshype.com/2019/04/15/the-players-with-the-best-winning-percentages-in-nba-history/,
https://www.chaffeybreeze.com/2019/04/15/rialto-xrl-price-hits-0-0406-on-top-exchanges.html,
https://www.chaffeybreeze.com/2019/04/15/xaurum-hits-market-capitalization-of-2-94-million-xaur.html,
https://www.chaffeybreeze.com/2019/04/15/recent-analysts-ratings-changes-for-ks-sdf.html,
https://www.chaffeybreeze.com/2019/04/15/nvidia-co-nvda-shares-bought-by-retirement-systems-of-alabama.html,
https://www.chaffeybreeze.com/2019/04/15/strategic-advisors-llc-acquires-new-position-in-invesco-sp-500-equal-weight-consumer-discretionary-etf-rcd.html,
https://www.chaffeybreeze.com/2019/04/15/2-62-eps-expected-for-qudian-inc-qd-this-quarter.html,
https://www.chaffeybreeze.com/2019/04/15/ark-innovation-etf-arkk-shares-bought-by-strategic-advisors-llc.html,
https://www.chaffeybreeze.com/2019/04/15/15350-shares-in-cme-group-inc-cme-acquired-by-sciencast-management-lp.html,
https://www.chaffeybreeze.com/2019/04/15/ishares-msci-brazil-index-ewz-shares-sold-by-wp-advisors-llc.html,
https://www.chaffeybreeze.com/2019/04/15/spdr-sp-400-mid-capgrowth-etf-mdyg-stake-raised-by-strategic-advisors-llc.html,
https://www.chaffeybreeze.com/2019/04/15/wp-advisors-llc-acquires-shares-of-436-deere-company-de.html,
https://www.chaffeybreeze.com/2019/04/15/aegon-aeg-shares-bought-by-strategic-advisors-llc.html,
https://www.chaffeybreeze.com/2019/04/15/partners-value-investments-pvf-sets-new-1-year-high-at-44-10.html,
https://www.chaffeybreeze.com/2019/04/15/carnival-corp-ccl-shares-bought-by-tealwood-asset-management-inc.html,
https://www.chaffeybreeze.com/2019/04/15/tealwood-asset-management-inc-takes-position-in-centerpoint-energy-inc-cnp.html,
https://www.chaffeybreeze.com/2019/04/15/tealwood-asset-management-inc-sells-332-shares-of-becton-dickinson-and-co-bdx.html,
https://www.chaffeybreeze.com/2019/04/15/ilcoin-ilc-market-capitalization-achieves-0-00.html,
https://www.chaffeybreeze.com/2019/04/15/tealwood-asset-management-inc-has-3-75-million-holdings-in-netapp-inc-ntap.html,
https://www.guampdn.com/story/news/2019/04/15/what-you-need-know-tuesday-april-16-2019/3470224002/,
https://www.telegraaf.nl/nieuws/3449043/verwoestende-brand-in-notre-dame,
https://www.merkur.de/lokales/garmisch-partenkirchen/eschenlohe-ort114531/odelfass-raetsel-am-murnauer-moos-ein-umwelt-frevel-oder-harmlos-12194635.html,
https://www.guampdn.com/story/obituaries/2019/04/15/fumiko-suzuki-wickeremasuriya/3470484002/,
https://www.telegraaf.nl/nieuws/3449281/wereld-geschokt-notre-dame-is-van-heel-europa,
https://www.merkur.de/lokales/dachau/dachau-ort28553/polizei-dachau-ermittelt-internetbetrueger-12194501.html,
https://www.guampdn.com/story/news/2019/04/15/local-briefs-government-meetings-april-16-30-2019/3470346002/,
https://www.telegraaf.nl/video/3449443/hier-stort-toren-notre-dame-in,
